use Ecommerce_Database;

--------Creating Tables and Inserting data into Database-------

create table customers (
 customer_id int not null primary key,
 customer_name varchar(50) not null,
 email varchar(50),
 shipping_addres varchar(80)
);

create table orders (
 order_id int not null primary key,
 customer_id int not null,
 order_date date not null,
 total_amount decimal not null
);

create table orders_details (
 order_detail_id int not null primary key,
 order_id int not null,
 product_id int not null,
 qty int not null,
 order_price decimal not null
);

create table products (
 product_id int not null primary key,
 product_name varchar(50) not null,
 description varchar(80),
 price decimal not null,
 stock_quantity int
);

-- Insert sample data into Customers table

INSERT INTO Customers (customer_id, customer_name, email, shipping_addres)
VALUES
  (1, 'John Smith', 'john.smith@example.com', '123 Main St, Anytown'),
  (2, 'Jane Doe', 'jane.doe@example.com', '456 Elm St, AnotherTown'),
  (3, 'Michael Johnson', 'michael.johnson@example.com', '789 Oak St, Somewhere'),
  (4, 'Emily Wilson', 'emily.wilson@example.com', '567 Pine St, Nowhere'),
  (5, 'David Brown', 'david.brown@example.com', '321 Maple St, Anywhere');

 
-- Insert sample data into Products table
INSERT INTO Products (product_id, product_name, description, price, stock_quantity)
VALUES
  (1, 'iPhone X', 'Apple iPhone X, 64GB', 999, 10),
  (2, 'Galaxy S9', 'Samsung Galaxy S9, 128GB', 899, 5),
  (3, 'iPad Pro', 'Apple iPad Pro, 11-inch', 799, 8),
  (4, 'Pixel 4a', 'Google Pixel 4a, 128GB', 499, 12),
  (5, 'MacBook Air', 'Apple MacBook Air, 13-inch', 1099, 3);

 
-- Insert sample data into Orders table
INSERT INTO Orders (order_id, customer_id, order_date, total_amount)
VALUES
(1, 1, '2023-01-01', 0),
(2, 2, '2023-02-15', 0),
(3, 3, '2023-03-10', 0),
(4, 4, '2023-04-05', 0),
(5, 5, '2023-05-20', 0);

 
-- Insert sample data into OrderDetails table
INSERT INTO orders_details (order_detail_id, order_id, product_id, qty, order_price)
VALUES
  (1, 1, 1, 1, 999),
  (2, 2, 2, 1, 899),
  (3, 3, 3, 2, 799),
  (4, 3, 1, 1, 999),
  (5, 4, 4, 1, 499),
  (6, 4, 4, 1, 499),
  (7, 5, 5, 1, 1099),
  (8, 5, 1, 1, 999),
  (9, 5, 3, 1, 799);

 
-- Update total_amount in Orders table
UPDATE Orders
SET total_amount = (
  SELECT SUM(qty * order_price)
  FROM orders_details
  WHERE orders_details.order_id = Orders.order_id
)
WHERE EXISTS (
  SELECT 1
  FROM orders_details
  WHERE orders_details.order_id = Orders.order_id
);



--1.Retrieve the order ID, customer IDs and customer names and total amounts for orders that have a total amount greater than $1000

SELECT orders.order_id, customers.customer_id, customers.customer_name, orders.total_amount
FROM orders
INNER JOIN customers
ON orders.customer_id = customers.customer_id
WHERE orders.total_amount>1000

--2. Retrieve the total quantity of each product sold.

SELECT p.product_name, sum(od.qty) AS total_quantity_sold
FROM orders_details od
JOIN products p ON p.product_id = od.product_id
GROUP BY p.product_id,p.product_name


--3. Retrieve the order details (order ID, product name, quantity) for orders with a quantity greater than the average quantity of all orders.

Select Order_ID, p.Product_Name, Qty
From Orders_Details as o
Inner Join Products as p
On o.product_id=p.product_id
Where Qty> (Select Avg(Qty) From Orders_Details)


--4.Retrieve the order IDs and the number of unique products included in each order.

SELECT Order_ID, COUNT(DISTINCT Product_ID) AS Unique_Products
FROM Orders_Details
GROUP BY Order_ID;



--5. Retrieve the total number of products sold for each month in the year 2023. Display the month along with the total number of products.

SELECT MONTH(Order_Date) AS Month, 
       SUM(Qty) AS Total_Products_Sold 
FROM Orders 
JOIN Orders_Details 
ON Orders.Order_ID = Orders_Details.Order_ID 
WHERE YEAR(Order_Date) = 2023 
GROUP BY MONTH(Order_Date) 
ORDER BY Month;


/*6. Retrieve the total number of products sold for each month in the year 2023 where the total number of products sold were greater than 2.
and Display the month along with the total number of products.*/

SELECT MONTH(Order_Date) AS Month,
       SUM(Qty) AS Total_Products_Sold
FROM Orders
JOIN Orders_Details ON Orders.Order_ID = Orders_Details.Order_ID
WHERE YEAR(Order_Date) = 2023
GROUP BY MONTH(Order_Date)
HAVING SUM(Qty) > 2;


/*7. Retrieve the order IDs and the order amount based on the following criteria:

a. If the total_amount > 1000 then ‘High Value’

b. If it is less than or equal to 1000 then ‘Low Value’

c. Output should be — order IDs, order amount and Value
*/

SELECT order_id, total_amount, 
 CASE 
  WHEN total_amount > 1000 
  THEN 'High Value' 
  ELSE 'Low Value' 
 END AS Value 
FROM Orders;


/*8. Retrieve the order IDs and the order amount based on the following criteria:
a. If the total_amount > 1000 then ‘High Value’
b. If it is less than 1000 then ‘Low Value’
c. If it is equal to 1000 then ‘Medium Value’
Also, please only print the ‘High Value’ products. Output should be — order IDs, order amount and Value
*/
SELECT order_id, total_amount, order_value
FROM (
SELECT order_id,
total_amount,
CASE
 WHEN total_amount > 1000 THEN 'High Value'
 WHEN total_amount = 1000 THEN 'Medium Value'
 ELSE 'Low Value'
END AS order_value
FROM Orders) as sub
WHERE order_value = 'High Value';
